IP Address,Port,Code,Country,Anonymity,Google,Https,Last Checked
167.172.57.5,8118,GB,United Kingdom,elite proxy,no,yes,20 minutes ago
51.38.71.101,8080,GB,United Kingdom,elite proxy,no,yes,43 minutes ago
51.75.170.50,8118,GB,United Kingdom,elite proxy,no,yes,1 hour 22 minutes ago
185.10.166.130,8080,GB,United Kingdom,elite proxy,no,yes,3 hours 53 minutes ago
78.141.199.215,30085,GB,United Kingdom,elite proxy,no,yes,4 hours 31 minutes ago
45.32.177.5,31285,GB,United Kingdom,elite proxy,no,yes,7 hours 12 minutes ago
178.62.48.207,8118,GB,United Kingdom,elite proxy,no,yes,9 hours 52 minutes ago
167.99.200.201,3128,GB,United Kingdom,elite proxy,no,yes,9 hours 57 minutes ago
94.228.21.66,30784,GB,United Kingdom,elite proxy,no,yes,12 hours 1 minute ago
178.128.41.237,8118,GB,United Kingdom,elite proxy,no,yes,14 hours 11 minutes ago
159.65.82.46,8118,GB,United Kingdom,elite proxy,no,yes,15 hours 52 minutes ago
178.128.44.68,8118,GB,United Kingdom,elite proxy,no,yes,21 hours 11 minutes ago
3.10.140.162,3128,GB,United Kingdom,elite proxy,no,yes,34 hours 23 minutes ago
